"measure","value"
"chisq",142.432937039926
"df",5
"pvalue",0
"cfi",0.962751438652347
"tli",0.925502877304693
"rmsea",0.0750961460162142
"srmr",0.0538047817627695
