"measure","value"
"chisq",21.2057202344289
"df",2
"pvalue",2.48448488359143e-05
"cfi",0.993699640781098
"tli",0.981098922343295
"rmsea",0.0443326375275172
"srmr",0.0261520915885743
